models,priors,labels,freeParams,solutions
"model1: 1 perturbers, differential evolution fitting","[[0.05807052284535416, 1.4200487805916935], [1e-10, 0.05], [0, 0.5], [-1e-05, 1e-05], [-6.283185307179586, 6.283185307179586], [0, 200]]","['a_0', 'mu_0', 'e_0', 'i_0', 'ω_0', 't0_0']",4,"[ 5.85132994e-01  2.26653927e-04  1.81847662e-01  7.82270855e-06
  1.13361521e+00  1.54786455e+02 -1.43381262e+01]"
"model1: 2 perturbers, differential evolution fitting","[[0.05807052284535416, 1.4200487805916935], [1e-10, 0.05], [0, 0.5], [-1e-05, 1e-05], [-6.283185307179586, 6.283185307179586], [0, 200], [0.05807052284535416, 1.4200487805916935], [1e-10, 0.05], [0, 0.5], [-1e-05, 1e-05], [-6.283185307179586, 6.283185307179586], [0, 200]]","['a_0', 'mu_0', 'e_0', 'i_0', 'ω_0', 't0_0', 'a_1', 'mu_1', 'e_1', 'i_1', 'ω_1', 't0_1']",7,"[ 9.90176194e-02  1.03815895e-04  7.22021891e-02 -5.47351218e-06
  2.17630921e+00  1.01139005e+02  1.56916123e-01  8.44625990e-04
  2.92140039e-01 -9.22059299e-06 -5.10929245e+00  2.53261594e+01
 -8.30741560e+00]"
"model1: 3 perturbers, differential evolution fitting","[[0.05807052284535416, 1.4200487805916935], [1e-10, 0.05], [0, 0.5], [-1e-05, 1e-05], [-6.283185307179586, 6.283185307179586], [0, 200], [0.05807052284535416, 1.4200487805916935], [1e-10, 0.05], [0, 0.5], [-1e-05, 1e-05], [-6.283185307179586, 6.283185307179586], [0, 200], [0.05807052284535416, 1.4200487805916935], [1e-10, 0.05], [0, 0.5], [-1e-05, 1e-05], [-6.283185307179586, 6.283185307179586], [0, 200]]","['a_0', 'mu_0', 'e_0', 'i_0', 'ω_0', 't0_0', 'a_1', 'mu_1', 'e_1', 'i_1', 'ω_1', 't0_1', 'a_2', 'mu_2', 'e_2', 'i_2', 'ω_2', 't0_2']",10,"[ 3.39356042e-01  1.50047884e-05  2.26970341e-01 -1.99512581e-07
 -6.36852395e-01  1.82148887e+02  4.19717839e-01  3.16864050e-04
  3.93306555e-01 -1.65825712e-06 -1.77783638e-01  1.04687782e+02
  5.05725692e-01  9.26385607e-05  1.34872717e-01 -8.57402401e-07
  5.70666307e+00  3.34340954e+01 -4.09453107e+00]"
