models,priors,labels,freeParams,solutions
"model1: 1 perturbers, differential evolution fitting","[[0.05807052284535416, 1.4200487805916935], [1e-06, 0.05], [0, 0.5], [-1e-05, 1e-05], [-6.283185307179586, 6.283185307179586], [0, 200]]","['a_0', 'mu_0', 'e_0', 'i_0', 'ω_0', 't0_0']",4,"[ 6.54535615e-02  1.04626502e-06  2.68731977e-01  8.49130625e-06
  1.52440232e+00  1.60983693e+02 -2.12231277e-01]"
