models,priors,labels,freeParams,solutions
"model1: 1 perturbers, differential evolution fitting","[[0.05807052284535416, 1.4200487805916935], [1e-06, 0.05], [0, 0.5], [-1e-05, 1e-05], [-6.283185307179586, 6.283185307179586], [0, 200]]","['a_0', 'mu_0', 'e_0', 'i_0', 'ω_0', 't0_0']",4,"[ 4.71726718e-01  2.81147532e-04  1.86761891e-01 -8.11906863e-06
 -5.05210416e+00  1.00934014e+02 -2.41872871e+01]"
"model1: 2 perturbers, differential evolution fitting","[[0.05807052284535416, 1.4200487805916935], [1e-06, 0.05], [0, 0.5], [-1e-05, 1e-05], [-6.283185307179586, 6.283185307179586], [0, 200], [0.05807052284535416, 1.4200487805916935], [1e-06, 0.05], [0, 0.5], [-1e-05, 1e-05], [-6.283185307179586, 6.283185307179586], [0, 200]]","['a_0', 'mu_0', 'e_0', 'i_0', 'ω_0', 't0_0', 'a_1', 'mu_1', 'e_1', 'i_1', 'ω_1', 't0_1']",7,"[ 3.96351577e-01  3.31481930e-04  1.55815276e-01 -8.47876726e-06
 -4.15548739e+00  5.94199061e+01  7.35111246e-02  5.59217605e-06
  4.22540797e-01  2.87846993e-07 -9.36898732e-01  9.33347128e+01
 -2.25718422e+00]"
"model1: 3 perturbers, differential evolution fitting","[[0.05807052284535416, 1.4200487805916935], [1e-06, 0.05], [0, 0.5], [-1e-05, 1e-05], [-6.283185307179586, 6.283185307179586], [0, 200], [0.05807052284535416, 1.4200487805916935], [1e-06, 0.05], [0, 0.5], [-1e-05, 1e-05], [-6.283185307179586, 6.283185307179586], [0, 200], [0.05807052284535416, 1.4200487805916935], [1e-06, 0.05], [0, 0.5], [-1e-05, 1e-05], [-6.283185307179586, 6.283185307179586], [0, 200]]","['a_0', 'mu_0', 'e_0', 'i_0', 'ω_0', 't0_0', 'a_1', 'mu_1', 'e_1', 'i_1', 'ω_1', 't0_1', 'a_2', 'mu_2', 'e_2', 'i_2', 'ω_2', 't0_2']",10,"[ 8.33967612e-01  1.57039058e-04  7.32928307e-02  7.44535072e-06
  2.79773451e+00  2.36585386e+01  9.66284817e-02  1.02968128e-04
  1.58712869e-01 -1.47429923e-06 -5.48726334e+00  8.97702678e+01
  9.21844070e-02  1.42039537e-05  2.61102139e-01 -8.00393509e-06
  1.35486833e+00  8.19764091e+01 -2.11334526e+00]"
