models,priors,labels,freeParams,solutions
"model1: 1 perturbers, differential evolution fitting","[[0.05807052284535416, 1.4200487805916935], [1e-06, 0.05], [0, 0.5], [-1e-05, 1e-05], [-6.283185307179586, 6.283185307179586], [0, 200]]","['a_0', 'mu_0', 'e_0', 'i_0', 'ω_0', 't0_0']",4,"[ 1.52142518e-01  1.00048537e-06  7.36794441e-02  7.75549083e-06
 -7.68839361e-01  1.58192991e+02  3.37693773e-02]"
"model1: 1 perturbers, dual annealing fitting","[[0.05807052284535416, 1.4200487805916935], [1e-06, 0.05], [0, 0.5], [-1e-05, 1e-05], [-6.283185307179586, 6.283185307179586], [0, 200]]","['a_0', 'mu_0', 'e_0', 'i_0', 'ω_0', 't0_0']",4,"[ 6.06765593e-02  1.00000000e-06  2.04031493e-01 -3.88138997e-06
 -1.61087861e+00  1.47096206e+02 -2.69816760e-03]"
